{
    "name": "root",
    "gauges": {
        "Agent.Policy.Entropy.mean": {
            "value": 2.2563724517822266,
            "min": 2.2563724517822266,
            "max": 3.8765177726745605,
            "count": 9
        },
        "Agent.Policy.Entropy.sum": {
            "value": 112881.8046875,
            "min": 112881.8046875,
            "max": 188144.5625,
            "count": 9
        },
        "Agent.Step.mean": {
            "value": 549966.0,
            "min": 149948.0,
            "max": 549966.0,
            "count": 9
        },
        "Agent.Step.sum": {
            "value": 549966.0,
            "min": 149948.0,
            "max": 549966.0,
            "count": 9
        },
        "Agent.Policy.ExtrinsicValueEstimate.mean": {
            "value": 5.627175807952881,
            "min": -2.0414185523986816,
            "max": 5.627175807952881,
            "count": 9
        },
        "Agent.Policy.ExtrinsicValueEstimate.sum": {
            "value": 4445.46875,
            "min": -1259.5552978515625,
            "max": 4445.46875,
            "count": 9
        },
        "Agent.Policy.GailValueEstimate.mean": {
            "value": 0.4154614508152008,
            "min": 0.10467392951250076,
            "max": 0.5726206302642822,
            "count": 9
        },
        "Agent.Policy.GailValueEstimate.sum": {
            "value": 328.21453857421875,
            "min": 82.6924057006836,
            "max": 396.0441589355469,
            "count": 9
        },
        "Agent.Environment.EpisodeLength.mean": {
            "value": 1202.3333333333333,
            "min": 1202.3,
            "max": 1202.375,
            "count": 9
        },
        "Agent.Environment.EpisodeLength.sum": {
            "value": 50498.0,
            "min": 38476.0,
            "max": 50498.0,
            "count": 9
        },
        "Agent.Environment.CumulativeReward.mean": {
            "value": 88.01331263008926,
            "min": -17.062567147309892,
            "max": 88.01331263008926,
            "count": 9
        },
        "Agent.Environment.CumulativeReward.sum": {
            "value": 3696.559130463749,
            "min": -546.0021487139165,
            "max": 3696.559130463749,
            "count": 9
        },
        "Agent.Policy.ExtrinsicReward.mean": {
            "value": 88.01331263008926,
            "min": -17.062567147309892,
            "max": 88.01331263008926,
            "count": 9
        },
        "Agent.Policy.ExtrinsicReward.sum": {
            "value": 3696.559130463749,
            "min": -546.0021487139165,
            "max": 3696.559130463749,
            "count": 9
        },
        "Agent.Policy.GailReward.mean": {
            "value": 53.33646048001668,
            "min": 18.931337804690504,
            "max": 59.67770230468365,
            "count": 9
        },
        "Agent.Policy.GailReward.sum": {
            "value": 2240.131340160701,
            "min": 795.1161877970012,
            "max": 2506.463496796713,
            "count": 9
        },
        "Agent.Losses.PolicyLoss.mean": {
            "value": 0.024987596280528428,
            "min": 0.021896367136214394,
            "max": 0.025544994295220627,
            "count": 9
        },
        "Agent.Losses.PolicyLoss.sum": {
            "value": 0.12493798140264213,
            "min": 0.07360770765949383,
            "max": 0.12493798140264213,
            "count": 9
        },
        "Agent.Losses.ValueLoss.mean": {
            "value": 0.44153887788454693,
            "min": 0.37475316085749205,
            "max": 2.7875834412872793,
            "count": 9
        },
        "Agent.Losses.ValueLoss.sum": {
            "value": 2.2076943894227345,
            "min": 1.124259482572476,
            "max": 13.937917206436396,
            "count": 9
        },
        "Agent.Policy.LearningRate.mean": {
            "value": 0.000284349509216832,
            "min": 0.000284349509216832,
            "max": 0.0002960580413139866,
            "count": 9
        },
        "Agent.Policy.LearningRate.sum": {
            "value": 0.00142174754608416,
            "min": 0.0008881741239419598,
            "max": 0.0014741155886281397,
            "count": 9
        },
        "Agent.Policy.Epsilon.mean": {
            "value": 0.194783168,
            "min": 0.194783168,
            "max": 0.19868601333333338,
            "count": 9
        },
        "Agent.Policy.Epsilon.sum": {
            "value": 0.9739158400000001,
            "min": 0.5960580400000002,
            "max": 0.9913718600000002,
            "count": 9
        },
        "Agent.Policy.Beta.mean": {
            "value": 0.00047443752319999995,
            "min": 0.00047443752319999995,
            "max": 0.0004935614653333332,
            "count": 9
        },
        "Agent.Policy.Beta.sum": {
            "value": 0.0023721876159999997,
            "min": 0.0014806843959999996,
            "max": 0.002457722114,
            "count": 9
        },
        "Agent.Policy.GAILPolicyEstimate.mean": {
            "value": 0.06758160706609488,
            "min": 0.024160876208916306,
            "max": 0.0704514235102882,
            "count": 9
        },
        "Agent.Policy.GAILPolicyEstimate.sum": {
            "value": 0.3379080353304744,
            "min": 0.12080438104458154,
            "max": 0.3379080353304744,
            "count": 9
        },
        "Agent.Policy.GAILExpertEstimate.mean": {
            "value": 0.9236265707015991,
            "min": 0.9144040392504799,
            "max": 0.9508965694904328,
            "count": 9
        },
        "Agent.Policy.GAILExpertEstimate.sum": {
            "value": 4.618132853507996,
            "min": 2.7432121177514395,
            "max": 4.754482847452164,
            "count": 9
        },
        "Agent.Losses.GAILLoss.mean": {
            "value": 0.1683325745165348,
            "min": 0.07970535442233084,
            "max": 0.17691088610639177,
            "count": 9
        },
        "Agent.Losses.GAILLoss.sum": {
            "value": 0.841662872582674,
            "min": 0.3985267721116542,
            "max": 0.8669363275170325,
            "count": 9
        },
        "Agent.Policy.GAILGradMagLoss.mean": {
            "value": 0.07404577894757192,
            "min": 0.07404577894757192,
            "max": 0.17411137748923566,
            "count": 9
        },
        "Agent.Policy.GAILGradMagLoss.sum": {
            "value": 0.3702288947378596,
            "min": 0.3308094639331102,
            "max": 0.583844497303168,
            "count": 9
        },
        "Agent.IsTraining.mean": {
            "value": 1.0,
            "min": 1.0,
            "max": 1.0,
            "count": 9
        },
        "Agent.IsTraining.sum": {
            "value": 1.0,
            "min": 1.0,
            "max": 1.0,
            "count": 9
        }
    },
    "metadata": {
        "timer_format_version": "0.1.0",
        "start_time_seconds": "1712623656",
        "python_version": "3.8.18 (default, Sep 11 2023, 08:17:33) \n[Clang 14.0.6 ]",
        "command_line_arguments": "/Users/JanayeCheong/opt/anaconda3/envs/unity-mla/bin/mlagents-learn config/agent_config.yaml --resume",
        "mlagents_version": "0.28.0",
        "mlagents_envs_version": "0.28.0",
        "communication_protocol_version": "1.5.0",
        "pytorch_version": "1.8.0.post3",
        "numpy_version": "1.19.5",
        "end_time_seconds": "1712625912"
    },
    "total": 2255.997322417,
    "count": 1,
    "self": 10.007253583999955,
    "children": {
        "run_training.setup": {
            "total": 0.03384204200000007,
            "count": 1,
            "self": 0.03384204200000007
        },
        "TrainerController.start_learning": {
            "total": 2245.956226791,
            "count": 1,
            "self": 2.8754934930066156,
            "children": {
                "TrainerController._reset_env": {
                    "total": 7.926858458000001,